Individual,Group,Year Collected,N Loci,AB 06,AB 17,AP68,AP74,Api07,Api14,Apm01,Ceb120,D17S804,D5S111,D6S260,D8S165,D8S260,Leon 2,Leon 31,LL 1-1#10,LL 1-1#15,LL 1-1#3,LL 1-5#7,Locus 5,SB 30
Balam,BALAM,2007,17,0/0,224/240,0/0,169/171,0/0,233/233,180/208,233/253,158/162,166/178,0/0,116/139,208/208,184/188,285/285,199/201,209/227,181/181,208/210,91/108,101/101
Batz,BALAM,2007,16,0/0,224/224,0/0,169/169,136/140,0/0,199/199,253/253,158/158,166/166,0/0,116/116,208/208,184/188,285/285,0/0,201/212,169/183,208/210,95/108,101/101
Bruna,BALAM,2007,17,0/0,224/244,0/0,169/169,140/140,225/225,182/182,233/233,158/158,166/178,0/0,116/139,208/208,188/188,0/0,199/202,205/209,179/181,208/208,102/107,103/105
Guz,BALAM,2007,18,0/0,224/244,0/0,169/169,134/140,200/225,182/199,233/253,158/158,166/178,0/0,116/139,208/208,186/188,285/287,199/203,212/216,181/183,210/210,95/108,101/103
Kriek,BALAM,2007,18,0/0,224/244,0/0,169/171,140/140,200/225,182/199,253/253,158/158,166/178,0/0,116/139,208/208,182/184,285/285,199/203,201/209,181/183,208/210,91/95,101/103
Louie,BALAM,2007,18,0/0,228/228,0/0,171/171,130/134,200/225,180/208,253/257,154/162,166/178,0/0,116/116,208/208,182/182,287/287,188/199,209/209,181/183,208/208,80/91,101/101
Luz,BALAM,2007,18,0/0,240/244,0/0,169/171,134/134,233/233,180/208,233/253,162/158,178/178,0/0,116/116,208/208,184/188,285/287,199/203,212/227,181/181,208/208,91/95,101/103
Paco,BALAM,2007,18,0/0,244/244,0/0,169/171,134/134,225/233,180/208,253/253,158/158,178/178,0/0,116/116,208/208,182/184,285/285,199/203,209/212,160/181,208/208,91/108,101/101
Pedro,BALAM,2007,18,0/0,236/244,0/0,171/173,134/140,200/225,180/208,253/257,158/158,166/178,0/0,116/116,208/208,182/184,287/287,188/199,209/209,160/183,208/208,91/108,101/101
Rony,BALAM,2007,6,0/0,0/0,0/0,0/0,0/0,0/0,0/0,0/0,158/154,166/166,0/0,0/0,0/0,0/0,287/287,199/199,0/0,0/0,208/231,91/114,0/0
Teresa,BALAM,2007,18,0/0,224/244,0/0,171/171,134/140,225/233,180/180,253/257,158/162,166/178,0/0,116/139,208/208,182/188,285/285,199/199,212/227,160/181,208/210,95/108,101/101
Victor,BALAM,2007,18,0/0,224/224,0/0,169/173,136/140,200/225,199/199,253/253,158/158,166/178,0/0,116/116,208/208,184/188,285/287,199/203,201/212,183/183,208/210,95/108,101/101
Guz,BALAM,2011,21,272/280,224/244,185/190,169/169,134/140,200/225,182/199,233/253,158/158,166/178,182/186,116/139,208/208,186/188,285/287,199/203,212/216,181/183,210/210,95/108,101/103
Kriek,BALAM,2011,21,272/272,224/244,190/190,169/171,140/140,200/225,182/199,253/253,158/158,166/178,180/182,116/139,208/208,182/184,285/285,199/203,201/209,181/183,208/210,91/95,101/103
Luz,BALAM,2011,21,270/270,240/244,190/190,169/171,134/140,225/233,180/208,233/253,158/162,166/178,180/186,116/116,208/208,184/188,285/285,199/203,212/227,181/181,208/210,91/95,101/103
Milo,BALAM,2011,21,270/272,224/224,190/190,169/171,134/140,225/233,180/182,233/253,158/162,166/166,182/182,116/139,208/208,182/186,285/285,199/199,212/227,181/183,210/210,108/108,101/103
Rufus,BALAM,2011,21,270/272,244/244,190/190,169/171,134/140,200/233,199/208,253/253,158/162,166/178,180/186,116/139,208/208,184/188,285/285,199/203,209/227,181/181,208/210,91/91,101/101
Teresa,BALAM,2011,21,270/270,224/244,190/190,171/171,134/140,225/233,180/180,253/257,158/162,166/178,180/182,116/139,208/208,182/188,285/285,199/199,212/227,160/181,208/210,95/108,101/101
Akira,BALAM,2014,21,274/280,228/228,190/190,169/171,134/134,225/225,199/208,253/257,154/158,178/178,180/182,116/139,192/208,188/188,287/287,199/199,205/209,160/181,208/210,95/102,103/103
Moxa,BALAM,2015,21,270/270,236/244,190/192,169/169,134/140,225/225,182/199,233/233,158/158,178/178,176/182,116/116,192/208,186/188,285/287,199/203,209/216,160/181,208/208,95/95,101/101
Mazur,BALAM,2016,21,272/280,224/244,185/190,169/169,134/140,200/225,182/199,233/253,158/158,166/178,182/186,116/139,208/208,186/188,285/287,199/203,212/216,181/183,210/210,95/108,101/103
Oso,BALAM,2016,21,270/272,236/240,185/190,169/171,140/140,225/225,180/199,253/257,154/158,166/178,180/182,116/116,208/208,184/188,287/287,199/203,216/216,160/181,208/208,80/102,101/101
Bonzo,Balam,2017,21,272/272,224/244,190/190,169/171,140/140,200/225,182/199,253/253,158/158,166/178,180/182,116/139,208/208,182/184,285/285,199/203,201/209,181/183,208/210,91/95,101/103
Niko,BALAM,2017,21,272/280,224/228,185/196,169/169,140/140,225/227,182/208,253/260,158/162,164/178,186/188,116/116,208/208,182/182,285/287,180/199,209/212,181/181,210/210,95/102,101/101
Pirus,BALAM,2017,21,270/272,224/224,190/190,169/171,134/140,225/233,180/182,233/253,158/162,166/166,182/182,116/139,208/208,182/186,285/285,199/199,212/227,181/183,210/210,108/108,101/103
BA-AM1,BALAM,2018,21,272/272,224/228,185/190,169/169,134/140,225/233,199/199,233/233,158/158,166/178,186/186,116/139,208/208,182/188,287/287,199/202,209/227,181/181,208/210,95/102,101/105
AF1-BOL,BOLAS,2007,18,0/0,224/224,0/0,171/171,140/140,225/225,180/182,253/260,154/158,166/178,0/0,116/116,208/208,188/188,287/287,199/202,209/209,181/181,208/208,95/102,101/105
AF2-BOL,BOLAS,2007,17,0/0,224/228,0/0,171/171,134/140,200/233,180/180,253/253,158/160,166/178,0/0,116/116,192/208,188/188,287/287,0/0,209/216,181/181,208/208,95/102,101/103
AF3-BOL,BOLAS,2007,17,0/0,224/224,0/0,169/171,140/140,0/0,180/180,233/253,158/158,166/166,0/0,116/116,208/208,184/188,285/287,199/199,209/209,181/181,208/208,95/108,101/101
AM1-BOL,BOLAS,2007,18,0/0,224/240,0/0,169/171,134/140,233/233,180/208,233/253,158/162,166/178,0/0,116/139,208/208,184/188,285/285,199/201,209/227,181/181,208/210,91/108,101/101
AM2-BOL,BOLAS,2007,18,0/0,224/240,0/0,171/171,134/140,225/233,182/208,233/260,158/162,166/178,0/0,116/139,208/208,184/188,285/287,199/201,209/209,181/181,208/210,102/108,101/101
Anon,BOLAS,2012,21,270/280,224/224,190/196,169/171,140/140,200/233,180/180,233/253,158/158,166/166,180/182,116/116,208/208,184/188,285/287,199/199,209/209,181/181,208/208,95/108,101/101
Caturro,BOLAS,2012,21,270/270,224/224,190/190,171/171,134/140,225/233,180/182,233/253,158/158,166/178,186/186,116/139,208/208,188/188,285/287,199/201,209/227,181/181,208/208,95/108,101/105
Dinka,BOLAS,2012,21,270/270,224/224,190/190,171/171,140/140,225/225,180/182,253/260,154/158,166/178,186/188,116/116,208/208,188/188,287/287,199/202,209/209,181/181,208/208,95/102,101/105
Puma,BOLAS,2012,21,270/280,224/228,190/196,171/171,134/140,200/233,180/180,253/253,158/160,166/178,180/186,116/116,192/208,188/188,287/287,199/199,209/216,181/181,208/208,95/102,101/103
Rafiki,BOLAS,2012,21,270/270,224/240,190/190,169/171,134/140,233/233,180/208,233/253,158/162,166/178,182/186,116/139,208/208,184/188,285/285,199/201,209/227,181/181,208/210,91/108,101/101
Gael,BOLAS,2014,21,270/272,224/224,190/196,169/171,136/140,200/225,199/199,253/257,158/166,166/180,182/182,116/116,208/208,184/188,287/287,180/202,216/220,160/181,208/208,102/108,103/105
AF1-BRA,BRA,2007,18,0/0,244/244,0/0,171/173,134/136,225/225,199/199,253/253,158/160,164/178,0/0,116/116,208/208,182/184,285/285,203/203,205/209,160/181,208/208,95/95,101/103
AF2-BRA,BRA,2007,18,0/0,228/244,0/0,169/171,140/140,225/233,180/199,253/253,158/158,166/178,0/0,116/116,192/208,182/188,285/287,180/199,212/212,160/181,210/210,95/95,101/105
BRA-AF,BRA,2012,21,270/270,244/244,196/196,171/173,134/136,225/225,199/199,253/253,158/160,164/178,186/186,116/116,208/208,182/184,285/285,203/203,205/209,160/181,208/208,95/95,101/103
BRA-AM,BRA,2012,21,270/270,224/244,185/196,169/171,134/140,225/225,199/199,233/253,158/162,164/166,180/182,116/116,208/208,186/188,285/287,199/203,201/216,160/181,208/210,91/102,101/101
BRA-JF1,BRA,2012,21,270/272,224/244,185/196,173/173,134/140,225/225,199/199,253/253,158/158,166/178,180/186,116/116,208/208,182/184,285/285,202/203,209/212,160/183,208/208,85/95,101/101
BRA-JF2,BRA,2012,21,270/270,244/244,196/196,169/173,134/134,225/225,199/199,233/253,158/158,166/178,180/186,116/116,208/208,184/188,285/287,202/203,209/216,160/160,208/208,95/102,101/103
CAL-AF1,CAL,2012,21,270/270,224/248,185/190,169/171,130/140,225/225,182/199,233/253,158/158,164/180,182/186,116/116,208/208,186/188,285/285,203/203,201/205,160/160,208/208,95/102,101/101
CAL-AF2,CAL,2012,21,270/270,240/248,196/196,169/171,136/136,225/225,182/199,253/257,158/158,166/180,182/182,116/116,208/208,186/188,285/285,199/202,201/209,181/183,208/210,95/102,101/103
CAL-AM1,CAL,2012,21,270/270,224/248,185/190,171/171,130/140,225/233,180/190,233/253,154/158,166/180,182/186,116/139,208/208,188/188,285/285,203/203,201/212,160/183,208/208,102/102,101/101
CAL-AM2,CAL,2012,21,270/270,224/228,185/190,169/171,140/140,200/233,180/182,233/253,154/154,166/178,186/186,116/139,208/208,186/188,285/287,199/203,209/212,160/183,208/208,102/102,101/103
CAL-IM,CAL,2012,21,270/280,224/224,185/190,169/171,130/140,225/225,182/199,233/233,158/158,166/180,182/182,116/116,192/208,182/188,285/287,199/203,201/209,160/181,208/208,95/108,101/105
CAL-JM1,CAL,2012,21,270/270,224/248,185/190,169/169,130/140,225/233,182/199,253/253,154/158,164/166,186/186,116/116,208/208,186/188,285/287,199/203,205/212,160/160,208/208,95/102,101/103
CAL-SAM2,CAL,2012,21,270/270,224/228,185/190,169/171,136/140,200/225,182/182,233/233,154/158,166/178,186/186,116/139,208/208,182/186,285/285,203/203,209/209,160/181,208/210,95/102,101/101
CAL-SAM3,CAL,2012,21,270/270,228/248,190/196,169/169,136/140,225/233,180/199,253/253,154/158,166/166,182/186,116/139,208/208,188/188,285/285,199/202,201/209,183/183,208/208,95/102,101/101
CRU-AF1,CRU,2012,21,270/272,224/244,185/190,169/171,140/140,225/233,199/199,253/253,158/158,166/166,180/186,116/116,192/208,182/188,285/287,199/199,212/227,181/183,208/208,95/108,101/101
CRU-AF2,CRU,2012,21,270/270,224/244,190/190,169/173,140/140,225/233,180/199,253/253,158/158,166/166,180/186,116/116,192/208,182/188,285/287,199/199,212/227,160/160,208/210,95/108,101/101
CRU-AM,CRU,2012,21,270/270,224/236,190/190,171/173,140/140,225/225,180/199,253/253,158/162,166/178,180/186,116/139,208/208,182/188,285/287,199/199,212/227,160/183,208/208,91/102,101/101
CRU-JM,CRU,2012,21,270/272,236/244,190/190,169/173,140/140,225/225,199/199,253/253,158/162,166/166,180/186,116/139,192/208,188/188,285/285,199/199,212/212,160/183,208/208,95/102,101/101
AM1-JAG,JAG,2007,18,0/0,244/265,0/0,169/169,140/140,225/233,180/182,233/253,158/158,166/178,0/0,116/139,208/208,182/188,285/287,199/201,201/209,181/181,208/210,95/102,101/103
AM2-JAG,JAG,2007,16,0/0,236/236,0/0,169/171,134/134,225/233,0/0,0/0,158/158,166/178,0/0,116/116,192/208,182/188,285/285,180/199,201/209,181/181,208/210,91/91,101/101
JM-JAG,JAG,2007,18,0/0,236/248,0/0,169/169,134/140,225/225,208/208,253/253,158/158,164/178,0/0,116/116,208/208,184/188,287/287,180/180,209/209,181/181,210/210,80/91,101/105
JAG-AF1,JAG,2012,21,270/270,236/236,190/196,169/171,134/134,225/233,180/208,233/257,158/158,166/178,182/186,116/116,192/208,182/188,285/287,180/199,201/216,181/181,208/210,91/95,101/103
JAG-AF2,JAG,2012,21,270/270,236/244,190/190,171/173,140/140,200/225,182/199,233/260,154/158,166/178,180/180,116/116,208/208,184/188,285/287,199/203,201/209,160/160,208/210,95/95,101/105
JAG-AM1,JAG,2012,21,270/270,224/244,185/190,169/171,140/140,225/233,180/208,253/253,158/158,178/178,182/186,116/116,208/208,184/188,285/285,199/203,209/227,160/181,208/208,91/108,101/103
JAG-AM2,JAG,2012,21,270/270,236/244,185/196,169/171,134/140,225/225,180/182,233/253,158/158,178/178,186/186,116/116,192/208,184/188,285/285,199/199,209/209,160/181,208/210,91/91,101/103
JAG-JM,JAG,2012,21,270/270,224/236,190/196,171/171,134/140,233/233,180/182,253/253,158/158,166/178,182/182,116/116,192/208,184/188,285/287,199/199,209/209,181/181,208/210,91/91,101/103
JAG-SAM,JAG,2012,21,270/270,224/236,185/190,169/171,134/140,233/233,182/208,233/253,158/158,166/178,182/182,116/116,208/208,182/184,285/285,199/203,209/209,181/181,208/208,91/108,101/101
MBL-AF1,MBL,2012,21,270/270,236/244,190/190,171/173,134/140,200/225,180/180,253/253,158/162,164/166,180/186,116/139,208/208,188/188,285/287,199/199,216/227,160/183,208/208,102/108,101/101
MBL-AF2,MBL,2012,21,270/270,224/236,190/190,171/171,134/140,225/225,180/199,253/253,154/162,164/166,186/186,116/139,208/208,182/182,285/287,199/199,212/216,160/183,208/208,91/102,101/101
MBL-AM1,MBL,2012,21,270/270,236/244,190/196,171/171,136/140,225/225,180/199,253/253,158/158,166/178,180/186,116/116,208/208,182/182,285/285,199/203,205/227,160/181,208/208,95/95,101/103
MBL-AM2,MBL,2012,21,270/272,224/228,190/190,171/171,134/140,200/225,182/208,253/253,154/162,166/178,186/186,116/116,208/208,188/188,287/287,199/199,227/227,181/181,208/208,102/108,101/103
MBL-SAF,MBL,2012,21,270/270,236/244,185/190,169/171,134/140,225/225,180/199,233/253,158/162,164/166,182/186,116/116,208/208,182/188,285/287,199/203,201/212,160/183,208/210,91/91,101/101
MBL-SAM1,MBL,2012,21,270/270,224/244,190/190,171/171,134/140,225/225,180/199,253/253,158/162,166/178,180/180,116/116,208/208,182/188,285/287,199/199,212/216,160/181,208/208,91/95,101/101
MBL-SAM2,MBL,2012,21,270/270,244/244,190/196,171/173,140/140,225/225,180/199,253/253,158/158,164/166,180/186,116/139,208/208,186/188,287/287,199/199,201/227,160/160,208/208,91/108,101/101
MDK-AF,MDK,2012,21,270/280,228/252,185/190,169/171,134/136,225/225,199/199,250/253,158/158,166/166,180/182,116/116,192/208,182/188,287/287,199/199,209/212,181/183,208/208,91/102,101/103
MDK-AM,MDK,2012,21,270/270,224/224,190/190,171/171,134/134,200/225,180/180,233/253,154/162,166/178,186/186,116/116,208/208,182/182,285/287,199/199,212/227,160/181,208/208,91/102,101/101
MDK-SAF,MDK,2012,21,270/270,224/252,190/190,171/171,134/136,200/225,180/199,253/253,158/162,166/166,180/186,116/116,192/208,182/182,285/287,199/199,209/227,181/181,208/208,91/91,101/103
Hugo,MOTIEPA,2007,18,0/0,224/240,0/0,169/171,140/140,225/225,180/182,253/257,158/158,166/178,0/0,116/116,208/208,184/188,285/285,199/203,216/216,160/181,208/210,91/102,101/101
Isa,MOTIEPA,2007,18,0/0,224/240,0/0,169/169,134/140,225/233,182/199,253/257,158/158,166/178,0/0,116/116,208/208,184/184,285/287,188/203,209/216,181/181,208/210,80/91,101/101
Jupiler,MOTIEPA,2007,18,0/0,224/236,0/0,171/171,134/140,225/233,180/199,253/253,154/158,166/166,0/0,116/116,192/208,182/188,285/287,199/199,209/216,160/181,208/210,95/102,101/105
Kimbo,MOTIEPA,2007,18,0/0,224/236,0/0,169/171,134/134,225/233,180/199,253/257,154/158,166/166,0/0,116/116,192/208,182/184,285/287,199/203,209/216,181/181,208/210,80/102,101/105
Mafu,MOTIEPA,2007,18,0/0,236/240,0/0,169/171,134/134,225/233,180/199,253/257,158/158,166/178,0/0,116/116,208/208,184/188,285/287,188/199,216/216,160/181,208/210,91/95,101/101
Dos,MOTIEPA,2011,21,270/272,236/240,185/190,169/171,140/140,225/225,180/199,253/257,154/158,166/178,180/182,116/116,208/208,184/188,287/287,199/203,216/216,160/181,208/208,80/102,101/101
Hugo,MOTIEPA,2011,21,270/272,224/240,190/196,169/171,140/140,225/225,180/182,253/257,158/158,166/178,182/186,116/116,208/208,184/188,285/285,199/203,216/216,160/181,208/210,91/102,101/101
Isa,MOTIEPA,2011,21,272/272,224/240,190/190,169/169,134/140,225/233,182/199,253/257,158/158,166/178,182/186,116/116,208/208,184/184,285/287,188/203,209/216,181/181,208/210,80/91,101/101
Jupiler,MOTIEPA,2011,21,270/270,224/236,185/196,171/171,134/140,225/233,180/199,253/253,154/158,166/166,180/182,116/116,192/208,182/188,285/287,199/199,209/216,160/181,208/210,95/102,101/105
Maya,MOTIEPA,2011,21,270/272,224/240,185/190,169/171,140/140,225/233,180/182,253/257,158/158,166/166,180/186,116/116,208/208,184/188,285/285,188/199,209/209,160/181,208/208,91/95,101/105
Melanie,MOTIEPA,2011,21,270/270,224/228,190/190,169/169,140/140,225/233,182/182,233/257,158/158,178/178,186/186,116/116,208/208,186/186,287/287,199/203,209/212,181/183,208/208,95/95,101/103
Purpurina,MOTIEPA,2011,21,270/270,224/240,190/190,169/171,140/140,225/225,180/182,257/257,158/158,166/178,186/186,116/116,208/208,186/188,285/287,203/203,209/216,160/183,208/210,95/102,101/101
Uno,MOTIEPA,2011,21,270/272,224/228,190/196,169/169,140/140,225/233,180/182,257/257,158/158,166/178,186/186,116/116,208/208,186/188,285/287,199/203,209/216,181/181,208/208,95/102,101/101
Titi,MOTIEPA,2012,21,270/272,224/240,185/190,169/171,140/140,233/233,199/199,253/253,158/158,166/166,180/186,116/116,208/208,184/188,285/287,188/199,216/216,181/181,208/208,80/102,101/101
Saki,MOTIEPA,2015,21,270/270,224/228,190/196,169/171,140/140,225/233,180/182,233/257,158/158,166/178,182/186,116/116,208/208,184/186,285/287,199/203,212/216,181/183,208/208,95/102,101/103
Nala,MOTIEPA,2017,21,270/270,224/224,190/196,169/169,140/140,225/225,182/182,253/257,158/158,166/178,186/186,116/116,208/208,184/186,285/287,203/203,209/216,160/181,208/210,95/102,101/101
MUS-AF,MUS,2012,21,270/270,240/244,185/185,169/171,136/140,225/225,182/199,233/253,154/166,164/166,182/186,116/116,208/208,182/184,287/287,199/199,209/209,160/181,208/208,80/102,105/105
MUS-AM,MUS,2012,21,270/270,236/240,190/190,169/171,134/136,225/225,199/199,253/253,158/166,166/178,182/182,116/116,208/208,188/188,287/287,180/202,216/220,181/181,208/208,91/102,101/101
MUS-JF,MUS,2012,21,270/270,244/248,185/196,169/169,136/140,200/225,180/199,253/253,154/158,164/166,182/182,116/116,208/208,182/184,285/287,199/203,201/209,160/183,208/210,102/102,101/105
NAH-AF1,NAH,2012,21,270/272,224/228,185/190,169/169,134/140,233/233,182/182,233/253,158/158,166/178,186/186,116/116,208/208,182/184,287/287,180/202,209/212,181/183,208/210,95/102,101/105
NAH-AF2,NAH,2012,21,270/272,224/224,190/190,169/171,134/140,225/225,182/199,233/253,158/158,166/178,180/186,116/139,208/208,188/188,285/287,199/199,216/227,181/181,208/210,95/102,101/101
NAH-AM1,NAH,2012,21,270/270,224/224,190/190,169/169,134/140,225/225,182/199,233/233,154/158,166/166,180/188,116/139,208/208,184/188,285/287,199/199,227/227,181/181,208/210,95/95,101/103
NAH-AM2,NAH,2012,21,272/280,228/244,185/190,169/169,140/140,200/233,182/199,233/233,158/158,166/178,186/186,116/116,208/208,182/186,287/287,199/202,209/209,181/181,208/210,95/102,103/105
NAH-JF,NAH,2012,21,272/272,224/228,190/190,169/169,134/140,225/233,182/199,233/253,158/158,178/178,186/186,116/139,208/208,186/188,287/287,199/202,209/216,181/181,208/210,95/95,101/105
Kia,NAHA,2016,20,0/0,224/228,190/190,169/169,134/140,225/233,182/199,233/253,158/158,178/178,186/186,116/139,208/208,186/188,287/287,199/202,209/216,181/181,208/210,95/95,101/105
Simon,NAHA,2016,21,270/272,224/228,190/190,169/171,134/140,200/225,182/199,233/233,158/158,166/178,180/186,116/139,208/208,182/188,287/287,199/202,209/216,181/181,208/210,95/102,101/105
Kazu,NAHA,2017,21,272/272,224/228,185/190,169/169,134/140,225/233,199/199,233/233,158/158,166/178,186/186,116/139,208/208,182/188,287/287,199/202,209/227,181/181,208/210,95/102,101/105
Lineo,NAHA,2017,21,272/280,228/244,185/190,169/169,140/140,200/233,182/199,233/233,158/158,166/178,186/186,116/116,208/208,182/186,287/287,199/202,209/209,181/181,208/210,95/102,103/105
Mora,NAHA,2017,21,270/272,224/228,185/190,169/169,134/140,200/225,182/199,233/233,158/158,166/178,180/186,116/139,208/208,182/188,287/287,199/199,209/216,181/181,210/210,102/102,101/103
Zita,NAHA,2017,21,270/272,224/224,190/190,169/171,134/140,225/225,182/199,233/253,158/158,166/178,180/186,116/139,208/208,188/188,285/287,199/199,216/227,181/181,208/210,95/102,101/101
AF1-PAK,PAKAL,2007,18,0/0,224/224,0/0,169/169,140/140,200/233,182/199,253/253,154/158,178/178,0/0,116/116,208/208,182/186,285/287,180/199,201/212,183/183,208/210,95/95,103/103
AF2-PAK,PAKAL,2007,18,0/0,224/224,0/0,169/169,140/140,233/233,182/182,253/260,154/158,178/178,0/0,116/116,208/208,182/186,287/287,180/202,212/212,183/183,208/210,95/108,103/103
AF3-PAK,PAKAL,2007,18,0/0,224/244,0/0,169/169,140/140,225/233,182/182,233/253,158/158,178/178,0/0,116/116,208/208,182/186,287/287,202/203,209/212,181/183,210/210,95/108,103/103
AM1-PAK,PAKAL,2007,18,0/0,228/244,0/0,169/169,140/140,200/233,182/199,233/233,158/158,166/178,0/0,116/116,208/208,182/186,287/287,199/202,209/209,181/181,208/210,95/102,103/105
AM1-PAK,PAKAL,2007,18,0/0,224/228,0/0,169/173,134/140,233/233,182/199,233/253,158/158,166/178,0/0,116/116,208/208,186/186,287/287,202/202,209/212,181/183,208/210,102/108,103/105
AM3-PAK,PAKAL,2007,17,0/0,224/228,0/0,169/169,134/140,200/233,182/199,233/233,158/158,166/166,0/0,116/116,208/208,184/186,287/287,199/202,209/209,181/181,210/210,102/102,0/0
Pakal,PAKAL,2010,21,270/270,224/240,190/190,171/171,134/140,225/233,182/208,233/260,158/162,166/178,182/188,116/139,208/208,184/188,285/287,199/201,209/209,181/181,208/210,102/108,101/101
Emma,PAKAL,2011,21,270/272,224/224,185/190,169/169,140/140,200/233,182/199,233/260,158/158,166/178,186/186,116/116,208/208,182/186,287/287,180/202,209/212,181/183,210/210,102/108,101/105
Esa,PAKAL,2011,21,270/272,224/224,190/190,169/169,140/140,200/233,182/199,253/253,154/158,178/178,182/186,116/116,208/208,182/186,285/287,180/199,201/212,183/183,208/210,95/95,103/103
Kanika,PAKAL,2011,21,272/272,224/224,185/190,169/169,134/140,200/200,182/199,233/253,154/158,166/178,182/186,116/116,208/208,182/184,285/287,180/199,209/212,181/183,210/210,95/102,101/105
Kin,PAKAL,2011,21,272/270,224/228,185/196,169/169,134/140,200/233,182/199,233/233,158/158,166/166,186/186,116/116,208/208,184/186,287/287,199/202,209/209,181/181,210/210,102/102,101/105
P-AM-16,PAKAL,2011,21,272/280,236/244,185/190,171/173,134/140,225/225,182/199,233/233,158/158,166/178,180/186,116/116,192/208,182/186,285/287,199/199,201/216,181/183,208/208,80/102,101/101
Parcha,PAKAL,2011,21,270/270,224/224,190/190,169/169,140/140,233/233,182/182,253/260,154/158,178/178,186/186,116/116,208/208,182/186,287/287,180/202,212/212,183/183,208/210,95/108,103/103
Pura,PAKAL,2011,21,270/280,224/244,190/190,169/169,140/140,225/233,182/182,233/253,158/158,178/178,186/186,116/116,208/208,182/186,287/287,202/203,209/212,181/183,210/210,95/108,103/103
Roco,PAKAL,2011,21,270/272,236/240,185/190,169/171,134/134,225/233,180/199,253/257,158/158,166/178,182/182,116/116,208/208,184/188,285/287,188/199,216/216,160/181,208/210,91/95,101/101
Sibal,PAKAL,2011,21,270/272,224/236,185/190,169/171,134/134,225/233,180/199,253/257,154/158,166/166,182/186,116/116,192/208,182/184,285/287,199/203,209/216,181/181,208/210,80/102,101/105
IFES11,PAKAL,2012,21,270/272,224/240,190/190,169/171,134/140,200/225,199/199,253/257,154/158,178/178,182/182,116/116,208/208,184/186,285/287,180/188,212/216,160/183,208/210,91/95,101/103
IFPR11,PAKAL,2012,21,270/270,224/240,190/190,169/171,134/140,225/233,180/182,253/257,158/158,166/178,182/186,116/116,208/208,186/188,287/287,180/199,212/216,181/183,210/210,95/108,101/103
IFPU11,PAKAL,2013,21,270/270,224/236,185/190,169/171,134/140,225/225,182/199,233/253,158/158,178/178,182/186,116/116,208/208,182/188,285/287,199/203,212/216,181/181,208/210,95/108,101/103
Dos,PAKAL,2014,21,270/272,236/240,185/190,169/171,140/140,225/225,180/199,253/257,154/158,166/178,180/182,116/116,208/208,184/188,287/287,199/203,216/216,160/181,208/208,80/102,101/101
Lambik,PAKAL,2015,21,272/280,224/228,185/190,169/169,134/140,200/225,180/199,253/253,154/162,166/178,180/186,116/116,208/208,182/188,285/285,199/203,216/216,160/181,208/210,80/95,101/105
Luna,PAKAL,2015,21,270/272,224/240,190/190,169/171,134/140,200/225,199/199,253/257,154/158,178/178,182/182,116/116,208/208,184/186,285/287,180/188,212/216,160/183,208/210,91/95,101/103
Pastel,PAKAL,2015,20,270/270,224/236,0/0,169/171,134/140,225/233,182/199,257/260,154/158,166/178,186/186,116/116,192/208,182/186,287/287,202/203,209/212,181/183,210/210,80/108,103/105
Luna,PAKAL,2016,21,270/272,224/240,190/190,169/171,134/140,200/225,199/199,253/257,154/158,178/178,182/182,116/116,208/208,184/186,285/287,180/188,212/216,160/183,208/210,91/95,101/103
PIG-AF1,PIG,2012,21,274/280,224/236,185/185,169/169,134/140,222/233,182/199,233/253,158/158,166/178,182/186,116/116,192/208,182/188,285/285,199/199,209/209,181/181,208/210,95/108,101/101
PIG-AF2,PIG,2012,21,272/280,224/236,185/196,169/169,134/140,233/225,199/199,233/253,158/158,166/178,182/182,116/116,208/208,182/188,285/287,199/199,209/209,160/181,208/208,95/108,101/105
PIG-AM1,PIG,2012,21,270/274,224/236,185/190,169/171,140/140,222/225,182/199,233/253,158/158,166/178,186/186,116/116,192/208,184/188,285/285,199/199,209/216,181/181,210/210,95/102,101/101
PIG-AM2,PIG,2012,21,270/274,236/236,185/190,169/169,134/140,222/233,182/199,253/253,158/158,166/178,182/186,116/116,192/208,184/188,285/287,199/199,209/209,160/181,208/210,95/95,101/101
Pura,PURAS,2015,21,270/280,224/244,190/190,169/169,140/140,225/233,182/182,233/253,158/158,178/178,186/186,116/116,208/208,182/186,287/287,202/203,209/212,181/183,210/210,95/108,103/103
PUR-AF,PURAS,2015,21,272/272,244/244,190/190,169/169,140/140,200/233,180/182,253/253,158/158,164/178,180/182,116/116,208/208,186/188,287/287,180/199,216/216,160/181,208/208,95/108,101/103
PUR-AM,PURAS,2015,21,270/270,228/228,190/196,171/175,130/140,225/225,199/199,233/253,154/154,164/178,180/182,116/116,208/208,184/186,285/287,203/203,205/209,160/181,208/208,95/102,101/103
UNO,Roaming with SOLAF,2015,21,270/272,224/228,190/196,169/169,140/140,225/233,180/182,257/257,158/158,166/178,186/186,116/116,208/208,186/188,285/287,199/203,209/216,181/181,208/208,95/102,101/101
SOLAF,Roaming with UNO,2015,21,270/270,224/224,185/190,169/169,134/140,225/233,182/199,233/233,158/158,166/166,186/188,116/116,208/208,184/184,287/287,199/202,209/227,181/183,208/210,95/95,101/105
TC2-AF1,TC2,2012,21,270/274,228/244,185/190,169/171,130/134,200/225,180/199,253/253,158/162,166/178,182/186,116/116,208/217,184/184,285/287,180/199,209/216,160/181,210/210,102/102,101/103
TC2-AF2,TC2,2012,21,270/270,236/248,185/196,169/171,136/140,225/225,182/199,253/253,158/158,166/180,182/186,116/116,208/208,186/188,285/285,199/202,209/209,181/181,210/210,95/102,101/103
TC2-AM,TC2,2012,21,270/274,224/224,185/190,169/171,134/134,200/222,180/208,253/253,162/166,166/178,186/186,116/139,208/208,188/188,285/285,199/199,209/216,160/160,208/208,102/108,101/101
AF1-TNO,TNO,2007,18,0/0,224/240,0/0,169/173,134/134,200/233,180/199,233/253,154/162,166/178,0/0,116/139,208/208,182/184,285/287,199/199,212/227,181/183,208/208,95/95,101/103
AF2-TNO,TNO,2007,18,0/0,224/244,0/0,171/173,134/140,225/233,180/199,253/253,154/162,166/166,0/0,116/116,192/208,182/188,285/287,199/199,201/227,160/183,208/210,95/108,101/103
AF3-TNO,TNO,2007,18,0/0,224/240,0/0,169/173,134/134,225/233,180/180,233/253,154/158,166/178,0/0,116/139,208/208,184/188,285/287,199/199,209/227,160/183,208/210,91/95,101/101
AM1-TNO,TNO,2007,18,0/0,224/228,0/0,173/173,136/140,200/225,199/199,233/253,158/158,164/166,0/0,116/116,208/208,184/188,285/285,188/199,201/205,181/183,208/210,80/95,101/105
JM1-TNO,TNO,2007,18,0/0,224/224,0/0,169/173,134/134,200/225,180/199,233/253,158/162,166/178,0/0,116/116,192/208,184/188,285/285,199/199,201/212,183/183,208/208,91/108,101/101
JM2-TNO,TNO,2007,18,0/0,224/244,0/0,169/169,134/140,200/225,180/199,233/253,158/162,166/178,0/0,116/116,208/208,182/184,285/285,199/199,201/209,181/181,208/208,91/95,103/103
JM3-TNO,TNO,2007,15,0/0,224/224,0/0,171/173,134/140,200/200,180/199,0/0,154/158,0/0,0/0,116/139,208/208,184/188,287/287,0/0,201/209,160/183,208/210,95/95,101/103
TNO-AF1,TNO,2012,21,270/270,224/240,190/190,169/173,134/134,225/233,180/180,233/253,154/158,166/178,186/186,116/139,208/208,184/188,285/287,199/199,209/227,160/183,208/210,91/95,101/101
TNO-AF2,TNO,2012,21,270/272,224/244,190/190,171/173,134/140,225/233,180/199,253/253,154/162,166/166,180/186,116/116,192/208,182/188,285/287,199/199,201/227,160/183,208/210,95/108,101/103
TNO-AF2,TNO,2012,21,270/272,224/224,190/190,171/173,134/140,200/225,199/199,253/253,154/158,166/166,180/180,116/116,208/208,182/188,285/285,199/199,212/227,183/183,208/210,95/108,101/101
TNO-AM1,TNO,2012,21,270/272,224/240,190/190,169/173,134/134,200/225,180/199,233/253,158/162,166/178,180/186,116/139,208/208,182/184,285/287,199/199,201/212,181/183,208/208,95/95,101/103
TNO-AM2,TNO,2012,21,270/272,224/224,185/190,169/173,136/140,200/225,199/199,253/253,158/158,166/166,180/182,116/116,208/208,184/188,285/285,199/203,201/212,183/183,208/208,95/108,101/101
TNO-AM3,TNO,2012,21,270/270,224/248,185/185,169/173,136/140,200/225,199/199,233/253,158/158,166/166,182/182,116/116,208/208,184/184,285/285,188/203,201/201,160/183,208/208,91/95,101/101
TNO-JF1,TNO,2012,21,272/272,224/240,185/190,169/173,134/140,200/200,199/199,233/253,158/162,166/178,180/182,116/139,208/208,182/184,285/287,199/203,201/201,183/183,208/208,95/95,101/101
TNO-JF3,TNO,2012,21,272/272,224/244,190/190,171/173,136/140,225/225,199/199,253/253,154/158,166/166,180/186,116/116,192/208,182/188,285/285,199/199,201/201,183/183,208/210,108/108,101/103
TOL-AF1,TOL,2012,21,270/272,228/236,185/190,171/173,130/140,200/225,199/208,253/253,158/162,178/178,180/186,116/116,208/208,182/184,287/287,180/199,201/209,181/183,208/208,91/108,101/101
TOL-AF2,TOL,2012,21,270/272,224/244,190/190,171/173,134/140,200/225,199/199,253/253,158/162,166/166,180/186,116/139,208/208,182/188,285/285,199/199,201/227,160/183,208/210,95/102,101/103
TOL-AM,TOL,2012,21,272/280,228/244,190/190,171/171,134/140,200/225,180/208,257/260,154/158,166/166,182/188,116/116,208/208,182/184,287/287,188/199,209/209,160/181,208/208,80/108,101/101
TOL-JM,TOL,2012,21,270/280,228/244,185/190,171/171,130/134,200/200,199/208,253/257,154/162,166/178,186/188,116/116,208/208,184/184,287/287,180/199,201/209,160/183,208/208,91/108,101/101
AF1-UT,UNITES,2007,18,0/0,236/248,0/0,169/171,136/140,225/225,182/199,233/233,158/158,166/178,0/0,116/116,192/208,182/188,285/287,199/203,201/201,181/181,208/208,91/95,101/105
AF2-UT,UNITES,2007,18,0/0,224/248,0/0,169/169,130/136,200/225,182/199,233/253,158/158,166/166,0/0,116/116,208/208,182/182,285/285,199/203,201/209,181/183,208/210,91/95,101/101
AF3-UT,UNITES,2007,18,0/0,244/248,0/0,169/169,136/140,200/233,180/199,253/253,154/158,166/166,0/0,116/139,208/208,182/188,285/287,199/203,201/209,181/183,210/210,91/102,101/103
AM1-UT,UNITES,2007,17,0/0,224/248,0/0,169/169,134/136,0/0,182/199,233/253,158/158,166/166,0/0,116/116,208/208,182/182,285/287,199/202,201/209,181/183,208/210,91/95,101/103
AM2-UT,UNITES,2007,18,0/0,236/244,0/0,171/173,134/140,225/225,182/199,233/233,158/158,166/178,0/0,116/116,192/208,182/186,285/287,199/199,201/216,181/183,208/208,80/102,101/101
IF-UT,UNITES,2007,18,0/0,224/244,0/0,169/173,130/140,200/225,180/199,253/257,158/158,163/166,0/0,116/116,208/208,182/182,287/287,199/203,201/201,160/160,208/210,95/108,101/101
Boquinche,UNITES,2012,21,270/272,224/228,185/190,169/173,134/140,233/233,182/199,233/253,158/158,166/178,186/186,116/116,208/208,186/186,287/287,202/202,209/212,181/183,208/210,102/108,103/105
Dinde,UNITES,2012,21,270/270,244/244,185/190,169/171,134/140,225/233,180/199,253/253,154/158,166/166,182/186,116/139,208/208,182/184,285/285,199/201,201/209,181/181,208/210,102/102,103/103
Galena,UNITES,2012,21,270/272,224/244,190/196,169/169,136/140,225/233,182/208,233/253,154/158,166/166,182/182,116/139,208/208,182/184,285/285,199/199,201/216,181/183,208/210,91/102,101/101
Lola,UNITES,2012,21,270/270,236/248,185/190,169/171,136/140,225/225,182/199,233/233,158/158,166/178,180/186,116/116,192/208,182/188,285/287,199/203,201/201,181/181,208/208,91/95,101/105
Luigi,UNITES,2012,21,270/272,244/248,185/185,169/171,134/136,225/225,199/199,233/233,158/158,166/166,186/186,116/116,208/208,186/188,285/287,199/199,201/201,181/183,208/208,80/95,101/101
Mona,UNITES,2012,21,270/270,224/248,185/196,169/169,130/136,200/225,182/199,233/253,158/158,166/166,182/186,116/116,208/208,182/182,285/285,199/203,201/209,181/183,208/210,91/95,101/101
Zina,UNITES,2012,21,270/270,224/244,190/190,169/171,140/140,225/225,180/208,253/253,158/158,166/166,182/188,116/139,208/208,182/184,285/287,199/199,201/209,181/183,208/208,91/91,101/101
Canela,UNITES,2015,21,270/272,224/244,185/190,169/171,134/140,225/233,199/208,253/253,158/158,166/166,182/186,116/116,208/208,184/186,287/287,199/202,201/209,181/183,208/210,91/108,101/105
Momo,UNITES,2016,21,270/270,236/248,190/190,169/169,134/140,225/225,208/208,253/253,158/158,164/178,182/186,116/116,208/208,184/188,287/287,180/180,209/209,181/181,210/210,80/91,101/105
Pachuco,UNITES,2016,21,270/272,248/256,190/192,169/169,134/134,200/225,199/199,233/253,158/158,178/178,180/186,116/116,192/208,188/188,285/285,199/199,209/227,160/160,208/208,95/102,101/103
AF1-UX,UXMAL,2015,21,270/270,224/236,185/190,169/171,134/140,225/225,182/199,233/253,158/158,178/178,182/186,116/116,208/208,182/188,285/287,199/203,212/216,181/181,208/210,95/108,101/103
AF2-UX,UXMAL,2015,21,270/270,224/240,190/190,169/171,134/140,225/233,180/182,253/257,158/158,166/178,182/186,116/116,208/208,186/188,287/287,180/199,212/216,181/183,210/210,95/108,101/103
AM-UX,UXMAL,2015,21,270/272,224/228,190/196,169/169,140/140,225/233,180/182,257/257,158/158,166/178,186/186,116/116,208/208,186/188,285/287,199/203,209/216,181/181,208/208,95/102,101/101
WPS-AF,WPS,2012,21,270/270,244/256,190/190,169/169,134/140,225/233,182/199,233/253,158/158,164/178,186/186,116/116,208/208,182/188,285/285,199/199,209/209,160/160,208/210,95/108,101/101
WPS-AM,WPS,2012,21,270/272,236/248,190/192,169/171,134/140,200/222,199/201,233/253,158/158,166/178,180/180,116/116,192/208,182/188,285/287,199/199,205/227,160/160,208/208,102/108,101/103
WPS-JM,WPS,2012,21,270/272,248/256,190/192,169/169,134/134,200/225,199/199,233/253,158/158,178/178,180/186,116/116,192/208,188/188,285/285,199/199,209/227,160/160,208/208,95/102,101/103
